{
  "timestamp": 1754459870.3034613,
  "switch_stats": {
    "system": {
      "timestamp": 1754459870.1555064,
      "cpu_percent": 25.6,
      "memory_percent": 30.8,
      "memory_used_gb": 3.9103660583496094,
      "disk_percent": 4.5,
      "network_bytes_sent": 1385842418,
      "network_bytes_recv": 1893341348,
      "network_packets_sent": 3315328,
      "network_packets_recv": 3515439
    }
  },
  "flow_stats": {}
}