{
  "q_table": {
    "0.0,5.0,0.0,0.0": [
      -14.844542366713213,
      -14.507765750632899,
      -13.70318162994918,
      -15.47637029084783,
      -15.078084174507046
    ]
  },
  "epsilon": 0.7864388409944025,
  "state_visits": {
    "0.0,5.0,0.0,0.0": 120
  },
  "metadata": {
    "state_dim": 4,
    "action_dim": 5,
    "lr": 0.1,
    "gamma": 0.9
  }
}